{"Total fWAR": 50.800000000000004, "Total bWAR": 55.00000000000001, "Total PA": 25096, "Total IP": 7541.03}